X,Y,Z,label
1.72476e+01,-7.74661e+00,-1.09887e-01,1.00000e+00
9.15418e-01,6.64576e+00,2.53828e+01,9.00000e+00
1.31397e+01,-4.03051e+00,-1.39234e+01,2.00000e+00
1.19354e+01,1.07952e+01,-1.54455e+01,2.00000e+00
9.71880e+00,1.21626e+01,1.21299e+01,7.00000e+00
1.37862e+01,-1.56982e+01,2.06895e-01,1.00000e+00
-1.82857e+01,3.78675e+00,-5.97558e+00,8.00000e+00
-1.38144e+01,1.85408e+00,-8.71411e+00,3.00000e+00
-2.22737e+01,1.18516e+00,-1.97064e+00,3.00000e+00
-2.12071e+00,1.73980e+01,2.23244e+01,7.00000e+00
-4.85855e-02,1.67825e+01,1.50889e+01,7.00000e+00
-2.17582e-01,-1.74222e-01,-2.00938e+01,5.00000e+00
-7.23396e+00,-2.38516e+01,-2.23358e+01,0.00000e+00
6.63496e+00,-1.50114e+01,2.90666e+00,1.00000e+00
1.73974e+01,7.05001e+00,-1.52503e+01,2.00000e+00
9.47472e+00,9.38851e+00,1.43668e+01,9.00000e+00
1.08159e+01,6.63547e+00,-8.56133e+00,2.00000e+00
8.36992e+00,1.35841e+01,1.24089e+01,7.00000e+00
1.20395e+01,1.44889e+01,6.75323e+00,7.00000e+00
2.52387e+00,5.59549e+00,1.57330e+01,9.00000e+00
-2.16381e+01,-1.55208e+00,-5.21071e-01,9.00000e+00
-3.00706e+00,1.16086e+01,-4.16156e-02,8.00000e+00
-4.29759e+00,4.64828e-02,-8.51142e+00,5.00000e+00
1.31780e+00,1.33552e+01,3.95110e-01,8.00000e+00
1.90860e+01,-4.52824e+00,-6.91967e-01,1.00000e+00
-4.53581e+00,-3.48201e-01,-2.39327e+01,2.00000e+00
-1.51579e+01,7.61788e+00,-5.24376e+00,3.00000e+00
1.02091e+00,2.09749e+01,2.42388e+01,7.00000e+00
1.23309e+00,-4.26750e+00,-2.26487e+00,5.00000e+00
2.77925e+00,-3.22284e+00,-2.12721e+00,5.00000e+00
-1.00246e+01,-8.10337e+00,-2.47519e+01,6.00000e+00
-9.85535e+00,-2.24937e+01,-2.02391e+01,0.00000e+00
8.16039e+00,7.30660e+00,1.36070e+01,9.00000e+00
-5.85011e+00,-1.94253e+01,-1.89442e+01,0.00000e+00
1.49662e+01,-1.34820e+00,-1.43655e+01,2.00000e+00
-6.22057e+00,-4.49659e+00,2.95347e+00,5.00000e+00
4.39527e-01,-1.56025e+01,-1.52891e+01,0.00000e+00
-4.61872e+00,-2.37784e+01,-2.13239e+01,0.00000e+00
1.25204e+01,-3.31977e+00,-1.38946e+01,2.00000e+00
9.82340e+00,9.20910e+00,1.41733e+01,9.00000e+00
-6.67250e+00,-5.83379e-01,1.66988e+00,5.00000e+00
-6.52580e-01,1.46896e+01,1.82041e+01,7.00000e+00
1.37699e+01,8.19875e+00,-1.38918e+01,2.00000e+00
1.39370e+01,4.11473e+00,1.50063e+01,4.00000e+00
-2.04779e+01,6.31631e+00,2.51214e+00,8.00000e+00
-2.19831e+00,-3.22910e+00,-1.96219e+01,6.00000e+00
-3.46572e+00,-1.74007e+01,-1.65119e+01,0.00000e+00
4.01745e+00,8.77576e+00,-2.29255e+00,8.00000e+00
-2.11746e+01,5.27034e-01,-1.60747e+00,3.00000e+00
-3.62491e+00,2.30772e+00,2.49358e+01,9.00000e+00
-1.47019e-01,5.84448e+00,2.51865e+01,9.00000e+00
1.37260e+01,5.92699e+00,1.45575e+01,4.00000e+00
-1.56680e+01,1.79949e+00,-2.58006e+00,3.00000e+00
4.44910e+00,8.65055e+00,1.97069e+01,9.00000e+00
5.39323e+00,-1.50789e+00,1.28193e-01,8.00000e+00
2.28326e+00,-1.82974e+01,6.20971e+00,1.00000e+00
-6.43898e+00,-5.98399e+00,-2.18939e+01,6.00000e+00
-5.19815e+00,-2.38635e+01,-2.11670e+01,0.00000e+00
-2.04902e+01,6.35639e+00,-4.01540e+00,3.00000e+00
1.77249e+01,-4.89909e+00,-9.77272e-01,1.00000e+00
-5.03907e-01,8.97491e+00,1.72366e+01,9.00000e+00
-9.30021e+00,-3.07027e+00,-2.59271e+01,6.00000e+00
1.26221e+01,5.43465e+00,1.90189e+01,4.00000e+00
-1.11754e+01,-1.68778e+01,-1.78367e+01,0.00000e+00
1.44285e+01,4.70600e+00,-1.54090e+01,2.00000e+00
-3.60385e+00,-2.84003e+00,2.76820e+01,9.00000e+00
-7.95805e-01,1.57483e+01,1.95541e+01,3.00000e+00
-5.79318e+00,-2.42415e+01,-2.25259e+01,0.00000e+00
-2.44676e+00,6.15611e+00,2.26000e+01,9.00000e+00
-1.12780e+01,-2.91857e+00,-9.33709e-01,3.00000e+00
-4.70040e+00,1.10130e+01,-4.29804e+00,8.00000e+00
-1.00845e+01,-4.72981e+00,-2.69075e+01,6.00000e+00
-1.28586e+01,1.86415e+00,-3.25844e+00,3.00000e+00
8.84398e+00,-1.75807e+01,3.51973e+00,1.00000e+00
1.20847e+01,2.07022e+00,-9.21918e+00,2.00000e+00
1.11941e+01,7.11999e+00,-9.12434e+00,2.00000e+00
-7.14259e+00,-2.39573e+01,-1.71099e+01,3.00000e+00
1.01376e+01,-7.78659e+00,-6.32275e+00,2.00000e+00
-4.29021e+00,-4.88819e+00,1.22227e+00,5.00000e+00
1.83815e+01,-4.64028e+00,-4.17002e+00,1.00000e+00
5.95344e+00,-1.44203e+01,3.27970e+00,1.00000e+00
2.33041e+00,1.17367e+01,-2.80112e-01,8.00000e+00
-1.35972e+01,1.25039e-01,-1.17297e+01,3.00000e+00
6.35731e+00,1.79774e+01,1.66332e+01,7.00000e+00
2.59912e+00,2.23493e+00,2.00554e+01,4.00000e+00
3.82248e-01,-3.20481e+00,-2.01921e+01,6.00000e+00
-2.05384e+01,1.91005e+00,-1.09023e+00,3.00000e+00
1.77472e+01,-6.73473e+00,-7.44317e-01,1.00000e+00
-5.53699e+00,-2.44647e+01,-2.14498e+01,0.00000e+00
-5.07436e+00,5.71267e-01,2.54140e+01,9.00000e+00
1.40008e+01,6.49832e+00,-1.94242e+01,2.00000e+00
1.38380e+00,1.80032e+01,2.12233e+01,7.00000e+00
-5.73058e+00,-4.36911e+00,2.93539e+01,4.00000e+00
1.02343e+00,1.30430e+01,8.71135e-01,8.00000e+00
-2.14946e-01,1.60121e+01,1.72525e+01,7.00000e+00
8.43938e+00,-1.54000e+01,3.20673e+00,1.00000e+00
-2.25802e+00,-5.48084e+00,-2.78081e+01,6.00000e+00
3.08887e+00,1.92975e+01,2.04571e+01,7.00000e+00
-4.44516e+00,1.13507e+01,9.05431e-01,8.00000e+00
-1.44169e+01,6.42029e+00,-6.47538e+00,3.00000e+00
-1.67614e+01,1.98310e+00,-8.30781e+00,3.00000e+00
1.59800e+01,6.69274e+00,-2.02393e+01,2.00000e+00
-1.69751e+01,6.68335e+00,-6.21815e+00,3.00000e+00
1.36789e+01,6.08993e+00,1.49330e+01,4.00000e+00
7.21658e+00,9.89891e+00,1.62741e+01,9.00000e+00
-5.24045e-01,-1.52927e+01,-1.49650e+01,0.00000e+00
2.06373e+00,4.43798e+00,1.93082e+01,4.00000e+00
-7.55766e+00,1.29182e+00,2.14840e+01,4.00000e+00
2.46173e+00,2.23317e+00,2.01551e+01,4.00000e+00
-2.21510e+01,1.06534e+00,9.02051e-01,3.00000e+00
-4.29655e+00,7.78923e-02,-8.50316e+00,5.00000e+00
3.04142e+00,-5.85910e+00,-1.81523e+01,6.00000e+00
-5.93054e+00,3.50167e+00,2.71455e+01,4.00000e+00
-2.46071e+00,9.16715e+00,-4.58046e+00,8.00000e+00
-1.19766e+01,6.05923e+00,-8.10591e+00,3.00000e+00
4.00540e+00,8.57469e+00,-2.35077e+00,8.00000e+00
7.85783e+00,8.41992e+00,2.08815e+01,9.00000e+00
1.91251e+01,-6.88769e+00,7.89681e-01,1.00000e+00
-1.18209e+01,-1.80557e+01,-1.89583e+01,0.00000e+00
5.58092e+00,2.06159e+00,1.89221e+01,4.00000e+00
1.46332e+00,1.50098e+01,2.09371e+01,7.00000e+00
1.08904e+01,9.62815e+00,-1.49850e+01,2.00000e+00
2.17754e-01,1.44064e+01,1.51893e+01,7.00000e+00
1.29914e+01,7.93499e+00,-1.39014e+01,2.00000e+00
-2.64612e+00,-1.96089e+01,-1.57071e+01,0.00000e+00
-1.10296e-01,-1.06970e+00,-2.10358e+01,6.00000e+00
-5.73846e+00,1.01454e+01,-2.63167e+00,8.00000e+00
-1.20604e+01,-7.19892e+00,-2.64355e+01,6.00000e+00
-2.14799e+01,5.98440e+00,1.69384e+00,8.00000e+00
2.07842e+01,-6.28847e+00,-8.42632e-01,1.00000e+00
4.16132e-01,1.20614e+01,-7.19537e-01,8.00000e+00
-4.05060e+00,-8.86851e-01,-1.43700e+00,5.00000e+00
5.75338e+00,-3.58453e+00,3.86224e-01,5.00000e+00
1.32194e+01,-1.15102e+01,-6.12537e-01,1.00000e+00
1.54705e+01,6.29896e+00,-2.06102e+01,2.00000e+00
-4.18334e+00,3.14215e+00,2.76555e+01,9.00000e+00
7.99223e+00,-3.53619e+00,-1.60996e+01,2.00000e+00
1.15023e+01,1.25927e+01,6.84594e+00,7.00000e+00
-2.40946e+01,-9.79642e-01,2.00558e+00,5.00000e+00
-8.09239e+00,-2.76148e+00,2.90643e+01,9.00000e+00
5.71999e+00,1.68368e+01,1.71728e+01,7.00000e+00
2.29531e+00,-7.77059e-01,1.22590e+00,5.00000e+00
-1.17659e+00,-2.14263e+00,-2.06788e+01,6.00000e+00
-1.54694e+00,6.05204e+00,-5.30643e+00,8.00000e+00
1.03245e+01,-1.93787e+01,2.17811e+00,1.00000e+00
-5.08789e+00,-3.47261e+00,-2.18767e+01,6.00000e+00
3.24214e+00,4.54807e-02,2.23057e+01,4.00000e+00
6.09444e+00,-2.78449e+00,4.16048e+00,2.00000e+00
-1.13295e+01,-5.71660e+00,-2.73938e+01,6.00000e+00
6.49477e+00,1.71619e+01,1.63427e+01,7.00000e+00
1.07184e+01,-1.86068e+01,3.71494e+00,1.00000e+00
-5.22547e+00,2.97090e+00,2.36570e+01,4.00000e+00
4.07579e+00,2.05930e+01,1.79001e+01,7.00000e+00
8.52872e+00,1.01772e+01,1.24664e+01,9.00000e+00
2.65818e+00,3.82119e+00,1.86505e+01,4.00000e+00
-5.66756e+00,1.00754e+01,-3.83494e-01,8.00000e+00
-7.04506e+00,9.32848e+00,-4.09665e-01,8.00000e+00
-3.37690e+00,8.19523e+00,2.67554e+01,4.00000e+00
7.29025e+00,1.29807e+01,1.32791e+01,7.00000e+00
1.81668e+01,-7.71033e+00,3.02346e-01,1.00000e+00
-1.33917e+00,-8.71527e+00,-1.23644e+01,0.00000e+00
-7.91971e+00,-3.42914e+00,-2.69778e+01,6.00000e+00
-5.81095e+00,-2.64509e+00,2.86440e+01,4.00000e+00
-1.02598e+01,-3.40536e+00,1.29354e-01,5.00000e+00
1.33070e+01,-1.61602e+01,1.37336e+00,1.00000e+00
1.63495e+01,-1.16487e+01,-8.93179e-01,1.00000e+00
-4.95814e+00,-5.08513e+00,2.97515e+01,4.00000e+00
-1.45513e+01,6.56057e+00,2.95862e+00,8.00000e+00
6.84283e+00,-1.91705e+01,3.19269e+00,1.00000e+00
1.50442e+01,5.32241e+00,-2.03250e+01,2.00000e+00
1.07392e+01,1.68575e+01,9.08464e+00,7.00000e+00
1.87216e+01,-6.46543e+00,-2.60836e+00,1.00000e+00
4.24014e+00,-2.73141e+00,3.60541e+00,5.00000e+00
1.10875e+01,1.52885e+01,9.38101e+00,7.00000e+00
8.49354e+00,1.22016e+01,1.36650e+01,7.00000e+00
-1.66951e+01,9.08933e+00,2.86450e+00,8.00000e+00
7.20481e+00,9.61970e+00,1.92445e+01,9.00000e+00
-1.92292e+01,-5.88860e+00,-4.87801e-01,5.00000e+00
-9.52477e+00,1.84125e+00,-9.00084e+00,5.00000e+00
-3.23841e+00,-5.69792e+00,-2.67475e+01,6.00000e+00
-1.03207e+00,-1.78591e+01,-1.74128e+01,0.00000e+00
-1.35940e+01,4.68660e+00,-9.38890e+00,3.00000e+00
-2.71263e+00,1.79290e+01,2.44088e+01,7.00000e+00
1.39138e+01,4.43771e+00,1.54982e+01,4.00000e+00
-9.08207e+00,-1.62463e+01,-2.05136e+01,0.00000e+00
6.49042e+00,-2.76552e+00,4.61386e+00,2.00000e+00
-9.85220e+00,7.61152e+00,1.80112e+00,8.00000e+00
1.28762e+00,1.25516e+01,2.31882e+00,8.00000e+00
1.32863e+01,-1.78565e+01,1.21704e+00,1.00000e+00
1.50012e+00,8.72454e+00,1.77482e+01,9.00000e+00
9.68233e+00,-1.66272e+01,2.81893e+00,1.00000e+00
-6.37556e+00,-1.75360e+01,-1.53745e+01,0.00000e+00
-1.72539e+01,-6.23566e+00,-8.74319e-01,5.00000e+00
4.72790e+00,-5.52500e+00,1.86517e+00,2.00000e+00
-6.40297e+00,4.30009e+00,2.11256e+01,9.00000e+00
1.26371e+01,4.87552e+00,1.84118e+01,4.00000e+00
3.28598e+00,4.23586e+00,1.71046e+01,4.00000e+00
9.66554e+00,-1.75559e+01,4.44153e+00,1.00000e+00
-2.17267e+01,5.28751e+00,1.45222e+00,8.00000e+00
-1.47372e+00,-3.43630e+00,-1.81861e+01,6.00000e+00
1.23871e+01,6.65824e+00,-2.11910e+01,2.00000e+00
6.87659e+00,1.73092e+01,1.72907e+01,7.00000e+00
1.56021e+01,-9.68643e+00,-9.23034e-02,1.00000e+00
-1.86240e+01,-4.74067e+00,-5.32666e+00,3.00000e+00
-5.11215e+00,1.17951e+01,2.27370e+00,8.00000e+00
-5.76930e+00,-2.99401e+00,-2.43891e+01,6.00000e+00
1.34398e+01,4.10120e+00,-1.95219e+01,2.00000e+00
1.22021e+01,8.14989e+00,-1.45877e+01,2.00000e+00
9.65679e-01,-5.76458e+00,-2.34160e+01,6.00000e+00
1.74091e+01,7.38503e+00,-2.07215e+01,2.00000e+00
4.76765e+00,8.25607e+00,1.80384e+01,9.00000e+00
-1.13738e+00,1.04633e+01,-3.18019e+00,8.00000e+00
-2.77209e+00,-1.40302e+01,-1.57882e+01,0.00000e+00
6.38445e+00,5.86447e+00,2.34879e+01,9.00000e+00
-4.26783e+00,-5.97808e-01,-5.98169e-01,5.00000e+00
2.75533e-01,-2.43861e+00,-3.11932e+00,5.00000e+00
-6.20754e+00,-1.88929e+01,-1.88423e+01,0.00000e+00
-1.04565e+01,-7.88216e+00,-2.64050e+01,6.00000e+00
-1.81598e+01,-2.02272e+00,-2.36657e+00,3.00000e+00
7.35824e+00,-1.74751e+01,3.96003e+00,1.00000e+00
-9.52723e+00,8.97706e+00,-4.82683e-01,8.00000e+00
-1.93183e+01,-1.91365e-01,-5.10605e+00,3.00000e+00
4.62065e+00,7.04079e+00,2.45353e+01,9.00000e+00
-9.04235e+00,8.88785e+00,1.17717e-01,8.00000e+00
-1.72640e+01,1.05416e+01,4.77812e+00,3.00000e+00
-4.92725e-01,1.34192e+01,1.56874e+01,7.00000e+00
-1.02788e+00,5.93808e+00,2.38889e+01,9.00000e+00
-1.19981e+01,-1.73081e+01,-1.98040e+01,0.00000e+00
-7.48476e+00,-7.02009e+00,-2.38257e+01,6.00000e+00
8.45415e+00,1.14307e+01,1.25650e+01,9.00000e+00
1.32678e+01,4.43998e+00,2.14299e+01,4.00000e+00
-2.25210e+01,-1.48614e+00,1.36828e+00,3.00000e+00
1.65081e+01,5.62126e+00,-1.45481e+01,2.00000e+00
1.35722e+01,-1.16638e+01,6.84257e-01,1.00000e+00
-1.60192e+01,9.88110e-01,-4.41183e+00,3.00000e+00
-1.23433e+01,-2.01931e+01,-1.89620e+01,0.00000e+00
1.44214e+00,-5.54836e+00,-2.37525e+01,6.00000e+00
1.80068e+01,-4.39896e+00,-4.02665e+00,8.00000e+00
-9.81854e+00,-1.84597e+01,-2.10765e+01,0.00000e+00
-8.08484e+00,-1.61635e+01,-2.01131e+01,0.00000e+00
-8.13317e+00,-2.32681e+01,-1.94633e+01,0.00000e+00
5.55402e+00,-1.68691e+01,4.44660e+00,1.00000e+00
1.33935e+01,3.14303e+00,-1.66627e+01,2.00000e+00
-1.98213e+01,2.78771e-01,-1.36044e+00,3.00000e+00
-4.50552e+00,-2.44032e+01,-2.29553e+01,0.00000e+00
-2.23966e+00,-1.70123e+00,2.97645e+01,4.00000e+00
1.29649e+01,8.00033e+00,-1.32617e+01,2.00000e+00
-1.69075e+01,8.12306e+00,-7.09325e-02,8.00000e+00
9.49637e-01,9.05313e+00,-3.64103e+00,8.00000e+00
-1.17739e+01,-1.65272e+01,-1.83718e+01,0.00000e+00
1.05624e+01,3.89476e+00,1.37285e+01,4.00000e+00
-1.73976e+01,-4.79365e+00,-5.94664e+00,3.00000e+00
4.00457e+00,-4.49010e+00,-5.35838e+00,0.00000e+00
9.83633e+00,1.60336e+01,1.02329e+01,7.00000e+00
2.95835e+00,-5.99570e+00,-1.65343e+01,6.00000e+00
9.11774e-02,-2.78108e-01,-2.75454e+00,5.00000e+00
6.35786e+00,-3.50151e+00,-1.65182e+00,5.00000e+00
2.13138e+01,-3.23200e+00,1.41644e+00,1.00000e+00
1.79390e+01,-5.34328e+00,-5.15339e+00,1.00000e+00
-5.90590e+00,-2.10338e+01,-1.85028e+01,0.00000e+00
5.13211e+00,9.41874e+00,2.15549e+01,9.00000e+00
1.88772e+00,-4.26230e+00,-2.88801e+00,5.00000e+00
1.22036e+01,1.66433e+01,8.35902e+00,7.00000e+00
-1.10973e+00,1.51184e+01,1.85349e+01,7.00000e+00
-2.01994e+01,6.46608e+00,-3.78143e+00,3.00000e+00
2.03585e+00,2.25837e+01,2.03887e+01,9.00000e+00
-5.63878e-01,-1.56877e+01,-1.54673e+01,0.00000e+00
-1.19128e+01,2.90295e+00,-8.70116e+00,3.00000e+00
1.72984e+01,9.02810e+00,-1.74369e+01,2.00000e+00
1.66436e+01,-8.47479e+00,8.34358e-01,1.00000e+00
-1.21459e+00,5.68006e+00,2.53286e+01,9.00000e+00
-3.55873e+00,3.08097e+00,1.76898e+01,4.00000e+00
-1.22507e+00,-1.88136e+01,-1.60850e+01,0.00000e+00
1.71239e+01,-7.67543e+00,-1.43268e+00,1.00000e+00
-1.57122e+01,-3.77296e-01,-7.40679e+00,3.00000e+00
-5.70507e+00,-2.34786e+00,-2.10626e+01,6.00000e+00
4.55348e+00,-1.76378e+01,4.72609e+00,1.00000e+00
1.64552e+01,-1.25317e+01,-9.68612e-01,1.00000e+00
-2.37346e+01,-2.30000e+00,-7.12199e-01,3.00000e+00
7.44375e+00,-7.71387e+00,-6.60074e+00,3.00000e+00
6.71503e-01,-3.82890e+00,-2.03285e+01,6.00000e+00
3.73622e+00,8.94701e+00,1.88733e+01,9.00000e+00
-4.68734e+00,3.73005e+00,2.19621e+01,4.00000e+00
-1.03444e+01,7.32051e+00,2.01292e+00,8.00000e+00
-1.37571e+00,-1.95312e+00,-4.26299e+00,5.00000e+00
-1.15235e+01,-2.28669e+01,-1.80987e+01,0.00000e+00
1.48713e+01,7.10255e+00,-1.25066e+01,2.00000e+00
2.75405e-03,1.12305e+01,1.84680e+01,7.00000e+00
-4.12944e+00,4.76167e+00,2.65289e+01,9.00000e+00
1.78745e+00,-2.84379e+00,-1.98603e+01,6.00000e+00
1.44555e+01,-1.35930e+00,-1.39103e+01,2.00000e+00
7.08733e+00,6.53590e+00,1.21480e+01,9.00000e+00
-1.17160e+01,-5.76073e+00,-2.79569e+01,6.00000e+00
7.06416e-01,1.43460e+01,1.55022e+01,7.00000e+00
-2.22426e+01,-2.96885e+00,1.36855e-01,5.00000e+00
-7.29251e+00,-2.19751e+01,-1.90248e+01,0.00000e+00
-2.53176e+00,-4.42170e+00,-2.25691e+01,6.00000e+00
9.25539e+00,1.30214e+01,1.19891e+01,7.00000e+00
6.91697e-01,1.26284e+01,1.58636e+01,7.00000e+00
1.20924e+01,5.64419e+00,1.66923e+01,4.00000e+00
1.33396e+01,-1.07233e+01,-2.35096e-01,1.00000e+00
1.91470e+00,1.52166e+01,2.08614e+01,7.00000e+00
7.76747e+00,8.75344e+00,2.07488e+01,9.00000e+00
1.72831e+01,5.45188e+00,-1.67213e+01,2.00000e+00
2.05836e+01,-4.94856e+00,9.33107e-01,1.00000e+00
6.88332e+00,-1.73210e+01,3.19883e+00,1.00000e+00
-1.80663e+01,-1.82697e+00,3.41688e-01,5.00000e+00
4.76557e+00,1.03458e+01,1.39343e+01,9.00000e+00
7.28932e+00,9.58485e+00,1.94891e+01,9.00000e+00
7.04444e+00,7.80819e+00,1.48331e+01,9.00000e+00
-1.83141e+01,-1.07221e+00,-9.32101e-01,3.00000e+00
-2.30259e-01,-3.32376e+00,-1.85622e+01,6.00000e+00
5.97021e-01,6.85753e+00,2.26588e+01,9.00000e+00
-1.18027e+01,4.88966e+00,-1.39989e+01,2.00000e+00
6.07475e+00,-1.79463e+01,4.40658e+00,1.00000e+00
-1.21612e+01,-7.11661e+00,-2.64551e+01,6.00000e+00
3.38168e+00,-1.80166e+01,5.46467e+00,1.00000e+00
-4.07395e+00,-2.10297e+01,-1.86842e+01,0.00000e+00
2.58802e+00,1.89549e+01,1.92640e+01,7.00000e+00
1.78723e+00,-8.49304e+00,-2.46893e+01,0.00000e+00
-5.46877e-01,1.09341e+01,-3.18541e+00,8.00000e+00
-4.35225e+00,-1.96631e+01,-1.66602e+01,0.00000e+00
-1.57933e+00,6.90054e+00,-4.91717e+00,8.00000e+00
7.66714e+00,-3.61496e+00,-1.63473e+01,2.00000e+00
1.01148e+01,1.66642e+01,9.80440e+00,7.00000e+00
8.80867e+00,-1.86230e+01,3.78093e+00,1.00000e+00
-3.82628e+00,-4.25084e+00,-2.85116e+01,6.00000e+00
1.77387e+00,-5.70467e+00,1.17186e+00,5.00000e+00
-1.18928e+01,-1.82002e+01,-1.98538e+01,0.00000e+00
2.25957e+00,1.95398e+01,1.82299e+01,7.00000e+00
-2.00778e+01,-1.30520e+00,-5.21725e+00,3.00000e+00
1.75036e+01,7.22513e+00,-2.06844e+01,2.00000e+00
-2.09236e+00,5.34346e+00,2.86860e+01,9.00000e+00
8.07377e+00,-1.75066e+01,4.59116e+00,1.00000e+00
-1.70759e+01,8.75797e+00,-1.98956e+00,5.00000e+00
1.32048e+01,9.65737e+00,1.27887e+01,7.00000e+00
4.42126e-01,6.02372e+00,2.53250e+01,9.00000e+00
-1.17446e+01,-2.76651e+00,-4.56206e-01,3.00000e+00
-9.47533e-01,-1.84759e+01,-1.70353e+01,0.00000e+00
-7.45406e+00,-2.39810e+01,-2.05407e+01,0.00000e+00
-8.19447e+00,8.43559e+00,1.74094e+00,8.00000e+00
1.09243e+00,-3.39299e-01,6.51849e-02,5.00000e+00
1.25435e+01,2.66028e+00,-7.94543e+00,2.00000e+00
1.42825e+00,-5.27680e+00,-3.70194e+00,3.00000e+00
1.14202e+01,1.19998e+01,6.88090e+00,7.00000e+00
5.47728e+00,-3.17145e+00,2.99779e+00,2.00000e+00
7.72740e+00,1.43485e+01,2.03080e+01,7.00000e+00
-1.81020e+01,-7.83757e+00,-2.84458e+00,3.00000e+00
-1.13349e+00,-4.92040e+00,-2.31465e+01,6.00000e+00
-1.91188e+01,7.98878e+00,-5.15252e+00,3.00000e+00
-3.65436e+00,2.85901e+00,2.80483e+01,9.00000e+00
4.58629e+00,-2.78004e+00,6.58150e-01,5.00000e+00
-1.00868e+01,-8.42542e+00,-2.53162e+01,6.00000e+00
-1.20767e+01,-2.06756e+01,-2.09923e+01,0.00000e+00
-5.11824e+00,1.09187e+01,-4.12061e+00,8.00000e+00
-6.59519e+00,-2.14224e+00,4.02690e+00,8.00000e+00
-3.69069e+00,1.95006e+01,2.29176e+01,7.00000e+00
-2.97214e+00,1.36146e+01,2.36887e+01,7.00000e+00
-1.23679e+01,6.79602e+00,-1.63454e+00,8.00000e+00
1.13654e+01,2.23729e+00,-2.01310e+01,2.00000e+00
-1.33627e+01,-8.34003e+00,-3.69678e+00,7.00000e+00
-6.68663e-01,-1.63147e+01,-1.55536e+01,0.00000e+00
4.36884e+00,-4.19983e+00,-4.95693e+00,2.00000e+00
-6.45821e-01,-2.64447e+00,-1.86951e+01,6.00000e+00
-6.87078e+00,2.27208e+00,2.59822e+01,4.00000e+00
-6.36158e+00,-3.52231e+00,-2.27974e+01,6.00000e+00
1.47603e+01,7.20445e+00,-1.27073e+01,2.00000e+00
8.61580e+00,-1.37308e+01,1.00700e+00,1.00000e+00
-1.75368e+01,6.77592e+00,-5.97112e+00,3.00000e+00
-9.00052e-01,7.10513e+00,2.59598e+01,9.00000e+00
-3.86160e+00,-1.67592e+01,-1.61793e+01,0.00000e+00
6.96523e+00,5.52705e+00,2.31459e+01,4.00000e+00
-5.98956e-01,1.28934e+01,-5.16579e-01,8.00000e+00
1.25632e+01,3.83340e+00,1.56638e+01,4.00000e+00
-1.69603e+01,-2.53084e+00,-2.60997e+00,3.00000e+00
-3.50778e+00,3.30090e+00,2.38293e+01,9.00000e+00
-4.30608e-01,-7.93215e-01,-1.67764e+00,5.00000e+00
-1.66547e+00,2.43271e+00,2.53674e+01,9.00000e+00
-5.21143e+00,-1.97929e+01,-1.71430e+01,0.00000e+00
-1.42750e+01,-5.66332e-02,-1.09236e+01,3.00000e+00
8.48981e+00,-6.67009e+00,-7.81389e+00,2.00000e+00
1.10854e+01,5.07124e+00,2.34456e+01,4.00000e+00
-3.17804e+00,1.04823e+00,1.69901e+00,5.00000e+00
-1.62889e+00,1.68938e+01,2.24853e+01,7.00000e+00
1.33449e+01,5.67496e+00,-1.41213e+01,2.00000e+00
4.79494e+00,9.80692e+00,1.42795e+01,9.00000e+00
-6.33418e-02,-1.33518e+00,3.10984e+01,9.00000e+00
-1.63915e+01,8.58236e+00,-8.69197e-01,8.00000e+00
-1.41331e+01,7.60672e+00,-6.45091e+00,3.00000e+00
1.41407e+01,5.30668e+00,-1.88744e+01,2.00000e+00
-6.86874e+00,-2.29776e+01,-2.45514e+01,5.00000e+00
2.74399e+00,1.44045e+01,3.60829e+00,4.00000e+00
-2.12070e+01,-1.02500e+00,1.69155e+00,3.00000e+00
-3.62427e+00,-1.72227e+00,2.89247e+01,4.00000e+00
2.26309e+00,-6.17437e+00,-7.73165e+00,0.00000e+00
1.10595e+01,1.92145e+00,-2.01628e+01,2.00000e+00
2.44584e+00,5.47836e+00,1.53072e+01,9.00000e+00
-3.28679e+00,1.87994e+00,2.29312e+01,9.00000e+00
1.15883e+01,1.33314e+01,6.99118e+00,7.00000e+00
1.05775e+01,4.49193e+00,2.29022e+01,4.00000e+00
1.05714e+00,1.22431e+01,-4.62350e-01,8.00000e+00
1.07038e+01,4.56698e+00,-8.70331e+00,2.00000e+00
-4.01638e+00,-5.97728e+00,-2.52022e+01,6.00000e+00
5.95044e+00,9.61859e+00,1.17870e+01,9.00000e+00
3.30735e+00,3.71225e+00,1.76431e+01,4.00000e+00
-1.55780e+01,7.74966e+00,-5.36791e+00,3.00000e+00
1.11576e+01,1.30780e+01,7.48831e+00,7.00000e+00
1.00032e+01,-1.92682e+01,4.25099e+00,1.00000e+00
-2.26521e+01,2.73612e+00,2.21232e+00,8.00000e+00
-8.68770e-01,-1.12602e+01,-1.47119e+01,0.00000e+00
-8.50095e+00,-2.26686e+01,-2.00755e+01,0.00000e+00
2.01450e+00,1.24081e+01,-1.20468e+00,8.00000e+00
1.46217e+01,8.78097e+00,-2.02242e+01,2.00000e+00
6.01788e+00,-3.24340e+00,-2.30171e+00,5.00000e+00
-1.71065e+01,9.03807e+00,2.72719e+00,8.00000e+00
2.99525e+00,-9.35576e-01,2.40957e+01,4.00000e+00
1.11752e+01,-2.02765e+01,7.52181e-01,5.00000e+00
-3.46094e-01,1.46908e+01,1.71792e+01,7.00000e+00
-3.98263e+00,-4.21781e+00,-2.77185e+01,6.00000e+00
9.38620e+00,-1.69599e+01,4.00221e+00,1.00000e+00
-4.36384e+00,1.48385e-01,8.50142e-01,5.00000e+00
-4.91223e+00,-1.31775e+00,2.51999e+01,9.00000e+00
5.83465e+00,-1.73653e+01,3.69089e+00,1.00000e+00
1.23895e+01,5.55341e+00,1.65539e+01,4.00000e+00
4.21392e+00,-3.25954e+00,-3.10959e+00,5.00000e+00
3.17304e+00,-4.91993e-01,2.31223e+01,4.00000e+00
-4.14395e+00,-2.57016e-01,2.45129e+01,9.00000e+00
6.38588e+00,8.38618e+00,1.91016e+01,9.00000e+00
-9.08567e+00,-4.24351e+00,-2.64797e+01,6.00000e+00
-5.00565e+00,1.19300e+01,2.73988e+00,8.00000e+00
1.14348e+01,1.15458e+01,1.17295e+01,7.00000e+00
4.37142e+00,-1.54627e+01,1.64146e+00,8.00000e+00
-1.93063e+00,-4.68586e+00,-2.24895e+01,6.00000e+00
-2.01161e+01,4.42921e-01,1.91940e+00,3.00000e+00
-8.54513e+00,-5.45008e+00,-2.25337e+01,6.00000e+00
-3.46984e+00,-1.90209e+01,-1.83610e+01,0.00000e+00
1.13930e+01,1.67012e+01,7.98782e+00,7.00000e+00
-1.33015e+01,-7.99814e+00,1.47025e-01,5.00000e+00
1.36607e+01,-1.26126e+01,1.86742e+00,1.00000e+00
-1.55347e+01,1.79382e+00,-1.90207e+00,3.00000e+00
9.11541e+00,1.89653e+01,1.13383e+01,7.00000e+00
1.33858e+01,-1.63187e+01,4.40677e-01,1.00000e+00
-2.03095e+01,9.85776e-01,-2.26539e+00,3.00000e+00
1.14094e+01,3.70804e+00,1.23753e+01,4.00000e+00
9.73857e+00,1.64993e+01,1.02699e+01,7.00000e+00
-4.99755e+00,9.83187e+00,-2.05540e+00,8.00000e+00
-5.11477e+00,-2.61517e+00,-1.88414e+01,6.00000e+00
2.85740e+00,1.14269e+01,2.36783e+01,7.00000e+00
-2.52345e+00,9.26514e+00,-3.89153e+00,8.00000e+00
1.48793e+01,3.60462e+00,-1.80612e+01,2.00000e+00
-1.17477e+01,-1.69975e+01,-2.04716e+01,0.00000e+00
1.77475e+01,6.44152e+00,-1.66409e+01,2.00000e+00
3.82001e-01,1.81718e+01,2.09530e+01,7.00000e+00
-9.32962e+00,-4.29468e+00,-2.52947e+01,6.00000e+00
1.48050e+01,8.28565e+00,-1.94381e+01,2.00000e+00
2.59704e+00,9.26696e+00,1.64285e+01,9.00000e+00
-6.51783e+00,-7.16046e-01,9.41236e-01,5.00000e+00
5.44659e+00,7.61159e+00,2.08298e+01,9.00000e+00
2.08366e+01,-5.98027e+00,1.74750e-01,1.00000e+00
-1.40679e+01,6.51968e-01,-1.05145e+01,3.00000e+00
-5.72703e+00,-4.11015e+00,1.67610e+00,5.00000e+00
1.63640e+01,9.66711e+00,-1.76411e+01,2.00000e+00
1.77569e+01,5.77373e+00,-1.61920e+01,2.00000e+00
6.00185e+00,2.32385e+00,1.83158e+01,4.00000e+00
-4.97365e+00,1.17465e+01,1.84954e+00,8.00000e+00
1.02023e+01,-1.29118e+01,5.94271e-01,1.00000e+00
-8.59569e+00,-2.88160e+00,-2.79608e+01,6.00000e+00
-1.92123e+01,4.00653e-01,-3.51615e+00,3.00000e+00
-1.13203e+01,-1.93534e+01,-1.96640e+01,0.00000e+00
-3.56526e+00,2.78361e+00,2.04228e+01,4.00000e+00
-4.42121e+00,7.59119e+00,2.09600e+01,3.00000e+00
1.35166e+01,9.35508e+00,1.27987e+01,7.00000e+00
-4.86247e+00,1.11282e+01,2.98722e-01,8.00000e+00
-1.46288e+00,9.05565e-02,-2.60901e+01,6.00000e+00
3.74943e-01,-2.34005e+00,3.09253e+01,9.00000e+00
-2.60977e+00,-1.69573e+01,-1.62657e+01,0.00000e+00
-5.21093e+00,-2.92435e+00,-2.48018e+01,6.00000e+00
3.75233e+00,9.96875e+00,1.62479e+01,9.00000e+00
-5.69433e-01,-2.22024e+00,-3.42921e+00,5.00000e+00
-4.74245e+00,-1.90661e+00,2.89368e+01,4.00000e+00
1.56345e+01,4.22040e+00,-1.83523e+01,2.00000e+00
3.16033e+00,-4.47339e+00,1.61797e-01,5.00000e+00
7.90818e-01,-5.76625e+00,-2.43083e+01,6.00000e+00
-3.49325e+00,-7.56480e-01,-2.15308e+00,5.00000e+00
-1.07635e+01,-1.60424e+01,-1.66952e+01,0.00000e+00
-1.39034e+01,-2.18365e+00,6.45134e-01,3.00000e+00
1.40914e+01,-1.23778e+01,-8.99254e-01,1.00000e+00
1.76699e+01,-9.17021e+00,-7.63806e-01,1.00000e+00
-8.64171e+00,1.87368e+00,-7.04485e+00,5.00000e+00
-2.09999e+01,-1.45969e+00,-4.02579e+00,3.00000e+00
1.14056e+00,-4.01290e+00,-2.23702e+01,6.00000e+00
-1.33939e+01,6.63947e+00,-8.31549e+00,3.00000e+00
-6.97501e+00,1.78403e+00,2.69177e+01,4.00000e+00
-5.21016e+00,-1.73336e+01,-1.66511e+01,0.00000e+00
8.13670e+00,-1.86409e+01,4.66948e+00,1.00000e+00
2.84071e+00,-5.04397e+00,5.47522e-01,5.00000e+00
-2.24989e+00,8.55082e+00,-3.52607e+00,8.00000e+00
-1.41304e+01,-6.61988e+00,-1.06939e+00,5.00000e+00
4.88827e+00,-4.57833e+00,-1.92696e+01,6.00000e+00
-5.23627e+00,-2.63524e+00,2.85444e+01,4.00000e+00
7.78744e+00,1.02596e+01,1.97621e+01,9.00000e+00
-1.78636e+01,-1.90417e+00,-1.37783e+00,3.00000e+00
-1.41823e+01,-4.36851e+00,-3.29754e+00,3.00000e+00
-5.93195e+00,-1.85517e+00,2.39792e+01,3.00000e+00
1.56571e+01,-1.26288e+01,9.77456e-01,1.00000e+00
-6.71229e+00,2.28608e+00,2.70420e+01,4.00000e+00
-8.71185e+00,7.94074e+00,-7.16536e+00,3.00000e+00
-1.30866e+00,-1.91044e+01,-1.56245e+01,0.00000e+00
-5.38773e-01,1.23231e+01,-7.50774e-01,8.00000e+00
3.19989e+00,9.09628e+00,1.84291e+01,9.00000e+00
-1.22696e+01,-2.08015e+01,-2.11975e+01,0.00000e+00
-1.97432e+01,5.90412e-01,1.64330e+00,3.00000e+00
4.90633e+00,1.82618e+01,1.87023e+01,7.00000e+00
-4.91401e+00,-4.59392e+00,1.60954e+00,5.00000e+00
3.52995e+00,1.09452e+01,1.64429e+01,9.00000e+00
2.20765e+00,2.08042e+01,1.97608e+01,7.00000e+00
8.76852e+00,-6.47832e+00,-7.91816e+00,2.00000e+00
1.03837e+00,-2.55278e-01,1.38250e-01,5.00000e+00
4.68412e+00,1.71455e+01,1.59076e+01,7.00000e+00
1.71036e+00,1.01499e+01,1.58394e+01,9.00000e+00
1.42688e+01,7.91399e+00,-1.46503e+01,2.00000e+00
7.16914e-01,-5.04903e+00,-2.39737e+01,6.00000e+00
-2.60481e+00,-5.08662e+00,-2.98224e+01,6.00000e+00
-2.03680e+01,5.52894e-01,-1.12253e+00,3.00000e+00
-3.53419e-01,-1.55449e+00,3.08272e+01,9.00000e+00
-2.66520e+00,1.90918e+01,2.27870e+01,7.00000e+00
-4.09632e-02,-2.30780e+00,-2.44392e+01,6.00000e+00
6.89061e+00,-1.78682e+01,4.69529e+00,1.00000e+00
6.54099e+00,7.55813e+00,1.17182e+01,9.00000e+00
-2.58103e+00,1.76075e+01,2.50887e+01,7.00000e+00
-6.92629e+00,-2.21169e+01,-1.81465e+01,0.00000e+00
1.15069e+01,1.68636e+01,1.04325e+01,7.00000e+00
1.29016e+01,5.10989e+00,2.08087e+01,4.00000e+00
-1.15208e+00,5.96770e+00,2.79190e+01,9.00000e+00
-1.52881e+01,4.27788e+00,3.81110e+00,8.00000e+00
1.50867e+01,8.66055e-01,-1.65483e+01,2.00000e+00
1.24865e+01,1.00218e+01,-9.75258e+00,2.00000e+00
-6.27469e+00,-1.63297e+00,-3.37638e+00,5.00000e+00
-6.04615e+00,3.29720e+00,2.26016e+01,9.00000e+00
-5.54036e+00,-9.34727e+00,-2.56189e+01,6.00000e+00
1.11558e+01,3.58876e+00,-8.65091e+00,2.00000e+00
-3.94752e+00,-3.50513e+00,-2.09285e+01,6.00000e+00
-1.20397e+01,-1.93596e+01,-1.99507e+01,0.00000e+00
1.06491e+01,-1.47039e+01,1.83218e+00,1.00000e+00
1.99469e+01,-6.56263e+00,-7.57268e-01,1.00000e+00
7.12043e-01,8.31002e+00,-4.10320e+00,8.00000e+00
-1.99620e+00,-2.93932e+00,2.85254e+01,9.00000e+00
1.30121e+01,-6.26386e+00,-1.42638e+01,2.00000e+00
-1.44561e-01,6.36588e+00,2.36617e+01,9.00000e+00
1.71052e+01,8.83423e-01,-1.43478e+01,2.00000e+00
1.06265e+01,5.72364e+00,-8.42450e+00,2.00000e+00
1.34324e+01,5.43448e+00,-2.01394e+01,2.00000e+00
-1.96210e+01,-4.12749e+00,-4.93112e+00,3.00000e+00
3.51993e-01,2.10003e+01,1.96569e+01,7.00000e+00
-8.93602e+00,-2.23092e+01,-1.76060e+01,0.00000e+00
1.56082e+00,1.03294e+01,1.63276e+01,9.00000e+00
-5.14860e+00,-2.74456e+00,2.28624e+00,5.00000e+00
1.69368e+00,6.73291e+00,2.55211e+01,9.00000e+00
-8.35251e-01,3.19091e+00,2.03931e+01,4.00000e+00
1.16804e+00,1.87053e+01,2.06205e+01,7.00000e+00
5.98832e+00,7.25241e+00,1.43606e+01,9.00000e+00
3.95400e+00,-1.63391e+01,4.87499e+00,3.00000e+00
-1.01135e+01,-3.24044e+00,-7.02998e-01,3.00000e+00
-4.54180e+00,-3.16516e+00,2.65390e+01,9.00000e+00
-4.76385e+00,1.17200e+01,3.76835e-01,8.00000e+00
2.68845e+00,3.79511e+00,1.85514e+01,4.00000e+00
-2.40707e+01,-2.43663e+00,2.93393e+00,5.00000e+00
3.89439e+00,5.86129e+00,1.83130e+01,4.00000e+00
8.80481e+00,1.47368e+01,1.07268e+01,7.00000e+00
-9.13203e+00,-5.83847e+00,-2.24422e+01,6.00000e+00
-1.52752e+01,5.15093e-01,-5.05421e-01,3.00000e+00
4.77686e+00,8.06136e+00,2.10782e+01,9.00000e+00
1.97853e+01,-5.44253e+00,-5.77023e-01,1.00000e+00
-1.22253e+01,-1.54450e+01,-1.92637e+01,0.00000e+00
2.38597e+00,-5.27954e+00,-1.94924e+01,6.00000e+00
-1.88709e+01,7.62113e+00,-5.29786e+00,3.00000e+00
1.30769e+01,-1.27399e+01,1.74240e+00,1.00000e+00
-1.41497e+01,2.37757e+00,-9.31648e+00,3.00000e+00
-5.95140e-02,-1.10613e+01,-1.37255e+01,0.00000e+00
1.50402e+01,9.92431e-01,-1.67447e+01,2.00000e+00
3.43469e+00,-2.76114e-01,2.34327e+01,4.00000e+00
5.04250e+00,-1.72926e+01,3.27166e+00,1.00000e+00
-1.63998e+01,7.02132e+00,-2.37190e+00,5.00000e+00
6.19233e+00,1.84251e+01,1.34559e+01,7.00000e+00
8.30744e+00,9.50615e+00,1.58278e+01,4.00000e+00
-2.64700e+00,5.50706e+00,1.96073e+01,4.00000e+00
3.57121e+00,2.00251e+01,1.80245e+01,7.00000e+00
1.51185e+01,-1.27732e+01,4.68625e-01,1.00000e+00
2.47851e+00,-1.30430e+00,2.43016e+01,4.00000e+00
1.02001e+01,-1.99672e+00,-1.51925e+01,2.00000e+00
-1.83582e+00,1.96653e+01,2.36198e+01,7.00000e+00
-4.29339e+00,4.53217e+00,2.72904e+01,9.00000e+00
7.83938e+00,7.39345e+00,5.93121e+00,9.00000e+00
6.84118e+00,8.29537e+00,1.14890e+01,9.00000e+00
3.24749e+00,7.15185e+00,2.41097e+01,9.00000e+00
-2.91537e+00,1.36454e+01,1.74493e+01,7.00000e+00
-1.13950e+01,-1.77450e+01,-2.06565e+01,0.00000e+00
1.26306e+01,6.96797e+00,-2.07215e+01,2.00000e+00
1.91043e+01,-7.98819e+00,5.84992e-01,1.00000e+00
-2.23634e+01,7.89531e+00,2.34275e+00,8.00000e+00
-7.87171e+00,-7.14377e+00,-2.35531e+01,6.00000e+00
-1.13089e+00,1.45907e+01,1.51890e+01,7.00000e+00
1.42740e+01,8.22513e+00,-1.53799e+01,2.00000e+00
6.85409e+00,6.62295e+00,1.18382e+01,9.00000e+00
8.88240e+00,-7.86672e+00,-6.61851e+00,1.00000e+00
1.19468e+01,-3.37093e+00,-1.41083e+01,2.00000e+00
1.64584e+01,-8.72554e+00,-1.33761e+00,1.00000e+00
2.13576e+01,-3.11705e+00,1.48063e+00,1.00000e+00
1.11906e+01,7.09559e+00,1.47457e+01,9.00000e+00
1.48821e+01,5.08413e+00,-1.76559e+01,2.00000e+00
-5.74879e-02,1.45648e+01,1.67511e+01,7.00000e+00
-2.85782e+00,1.67266e+01,2.37030e+01,7.00000e+00
1.22384e+01,4.03801e+00,-1.68245e+01,2.00000e+00
-2.28358e+00,8.89971e+00,-3.41838e+00,8.00000e+00
5.77764e+00,-1.70419e+01,2.55334e+00,1.00000e+00
1.07228e+01,4.49288e+00,-9.10453e+00,2.00000e+00
-1.00464e+01,-2.14494e+01,-2.01596e+01,0.00000e+00
2.59243e-01,-9.56079e+00,-1.31101e+01,0.00000e+00
-9.52581e+00,-7.62261e+00,-2.46306e+01,6.00000e+00
-2.19433e+01,4.98342e+00,1.88748e+00,8.00000e+00
-5.94403e+00,4.19261e+00,2.14298e+01,4.00000e+00
-8.81755e+00,-1.73781e+01,-1.61899e+01,0.00000e+00
-6.29754e+00,-6.29457e+00,-2.17067e+01,6.00000e+00
9.24181e+00,7.52572e+00,1.20894e+01,9.00000e+00
1.25186e+01,1.01846e+01,-9.64977e+00,2.00000e+00
-2.79479e+00,-1.78284e+01,-1.76550e+01,0.00000e+00
-1.00081e+01,-2.34891e+01,-1.83844e+01,0.00000e+00
-5.78827e+00,-2.10341e+01,-1.88131e+01,0.00000e+00
1.51350e+01,-1.28852e+01,1.66724e+00,1.00000e+00
-1.51252e+01,8.08807e+00,-3.82226e+00,3.00000e+00
2.36379e+00,6.99764e+00,2.33123e+01,9.00000e+00
4.65897e+00,6.31171e+00,3.93689e+00,8.00000e+00
1.24809e+01,1.07302e+01,-1.54649e+01,2.00000e+00
-4.04404e-01,1.11802e+01,1.86904e+01,7.00000e+00
1.21636e+01,-1.66212e+01,2.34653e+00,1.00000e+00
1.03360e+01,3.03984e+00,1.50320e+01,4.00000e+00
-1.41988e+01,-7.91297e+00,-3.97506e+00,9.00000e+00
6.47209e+00,7.56651e+00,1.45445e+01,9.00000e+00
-1.75844e+01,-4.07230e+00,-5.70630e+00,3.00000e+00
1.38814e+01,-1.11300e+01,-8.04960e-01,1.00000e+00
2.03931e+01,-4.00043e+00,6.50635e-01,1.00000e+00
8.24476e+00,7.27416e+00,2.65200e+01,8.00000e+00
-8.33368e+00,8.06013e+00,-6.88535e+00,3.00000e+00
-1.81020e+01,-4.57001e+00,-5.16960e+00,3.00000e+00
7.05082e+00,7.27851e+00,5.12512e+00,3.00000e+00
-1.28302e+00,-3.21345e-01,-2.64263e+01,6.00000e+00
8.53008e+00,8.41270e+00,2.09525e+01,9.00000e+00
1.45085e+01,1.75793e+00,-1.84246e+01,2.00000e+00
-6.62810e+00,-2.44613e+01,-2.17636e+01,0.00000e+00
1.39033e+01,-1.59367e+01,6.73662e-01,1.00000e+00
-5.12180e+00,-1.18939e+00,-2.54694e+00,5.00000e+00
-1.38532e+01,1.83025e+00,-3.40737e+00,3.00000e+00
-2.09833e+00,-3.29679e+00,-1.84974e+01,6.00000e+00
-4.06370e+00,6.69055e+00,2.22278e+01,9.00000e+00
-1.64645e+01,-9.26142e-01,-4.77163e+00,3.00000e+00
-1.11332e+01,5.03266e+00,-1.47683e+01,2.00000e+00
-1.46821e+01,-1.90046e+00,1.09083e+00,3.00000e+00
-1.72864e+01,8.66286e+00,-8.22793e-01,8.00000e+00
-1.14503e+01,7.00422e+00,-4.34425e+00,8.00000e+00
2.60778e+00,9.43584e+00,-3.88485e+00,8.00000e+00
1.15546e+01,3.63507e+00,-8.30762e+00,2.00000e+00
-6.38868e+00,3.34981e+00,2.41163e+01,4.00000e+00
-2.20366e+01,6.95065e-01,6.30525e-01,3.00000e+00
4.47557e+00,-4.68746e+00,-1.93666e+01,6.00000e+00
5.78802e+00,-1.57248e+01,3.56152e+00,1.00000e+00
-6.02490e+00,-2.37077e+01,-2.16361e+01,0.00000e+00
1.08809e+01,1.63906e+01,9.66924e+00,7.00000e+00
1.45284e+01,-1.15525e+01,1.22626e+00,1.00000e+00
1.04699e+00,-3.43426e+00,-2.28474e+00,5.00000e+00
9.77351e+00,-1.45822e+00,-1.56691e+01,2.00000e+00
5.39774e+00,1.80139e+01,1.36953e+01,2.00000e+00
-9.21445e+00,8.05414e+00,1.38364e+00,8.00000e+00
-1.47778e+01,3.57371e+00,-8.34389e+00,3.00000e+00
-6.82347e+00,-1.79034e+00,2.17368e+01,5.00000e+00
-1.45666e+01,3.73512e+00,2.68325e+00,8.00000e+00
-1.13495e+01,6.58760e+00,-5.20861e+00,8.00000e+00
-1.91412e+01,-5.20406e-03,-3.53944e+00,3.00000e+00
1.59377e+01,4.95809e+00,-1.50177e+01,2.00000e+00
1.22627e+01,6.93620e+00,-3.56622e+00,1.00000e+00
4.58937e+00,9.08779e+00,1.77699e+01,9.00000e+00
1.32966e+01,-1.51122e+01,3.00102e-01,1.00000e+00
1.12790e+01,1.69417e+01,8.24574e+00,7.00000e+00
-6.37365e+00,-2.40671e+00,2.76572e+01,9.00000e+00
-1.17158e+01,8.24068e+00,-2.18062e+00,8.00000e+00
-4.55873e+00,-4.23598e+00,-2.60556e+01,6.00000e+00
-6.73435e+00,-2.43613e+01,-2.12312e+01,0.00000e+00
-5.70877e+00,-2.27636e+01,-1.89304e+01,0.00000e+00
3.60627e+00,-8.50519e+00,-9.65477e+00,3.00000e+00
-5.06834e-01,-1.07587e+01,-1.40484e+01,0.00000e+00
1.81233e+01,6.66692e+00,-1.55610e+01,2.00000e+00
-5.79200e+00,5.25550e+00,-7.25197e+00,8.00000e+00
1.00169e+01,3.83658e+00,2.35745e+01,4.00000e+00
1.09263e+01,3.57201e+00,1.48742e+01,4.00000e+00
8.22197e-01,6.81113e+00,-4.54907e+00,8.00000e+00
6.48898e+00,8.81579e+00,1.16349e+01,9.00000e+00
-1.72315e+01,7.77488e+00,3.46778e-01,8.00000e+00
-5.49125e+00,2.89556e-01,2.47565e+01,9.00000e+00
7.24641e+00,1.71941e+01,1.44316e+01,7.00000e+00
1.18393e+01,5.62566e+00,1.83899e+01,4.00000e+00
-6.63095e+00,-4.62266e+00,3.46162e+00,5.00000e+00
-3.78996e+00,-2.96560e+00,2.69067e+01,9.00000e+00
3.00473e+00,-5.16723e+00,-6.11525e+00,6.00000e+00
-3.72087e+00,2.06666e+00,2.46540e+01,9.00000e+00
-6.14901e-01,3.23515e+00,2.03508e+01,4.00000e+00
4.04398e+00,1.74191e+01,1.68417e+01,7.00000e+00
1.16545e+01,-1.08368e+01,-1.63831e+00,2.00000e+00
1.11536e+01,1.50349e+01,8.91827e+00,7.00000e+00
-5.40108e-01,1.12434e+01,1.87666e+01,7.00000e+00
-9.00097e+00,-2.04778e+01,-2.03265e+01,0.00000e+00
-1.09207e+01,-2.31070e+01,-2.03260e+01,0.00000e+00
9.17360e-01,7.20601e+00,2.14962e+01,9.00000e+00
4.55616e+00,-1.76759e+01,3.94219e+00,1.00000e+00
-9.59260e-01,1.77910e+01,2.08058e+01,7.00000e+00
-3.88194e+00,7.48076e+00,2.72571e+01,4.00000e+00
1.36081e+01,7.58158e+00,1.11805e+01,4.00000e+00
5.25071e+00,6.23003e+00,4.61359e+00,9.00000e+00
-5.28130e+00,-3.25101e+00,-2.56346e+01,6.00000e+00
-6.32360e+00,-7.29529e+00,-2.47439e+01,6.00000e+00
1.53384e+00,-4.42345e+00,-1.99888e+01,6.00000e+00
1.83108e+01,-5.19311e+00,-2.85098e+00,1.00000e+00
1.09092e+01,9.87939e+00,-1.50766e+01,2.00000e+00
-2.25487e+01,-1.64229e+00,1.76840e+00,3.00000e+00
1.12201e+01,1.75975e+01,9.70134e+00,7.00000e+00
-5.23233e-01,-1.05040e+01,-1.38676e+01,0.00000e+00
6.66717e-01,1.20226e+01,6.84204e-01,8.00000e+00
1.18832e+01,-1.88836e+01,1.40551e+00,1.00000e+00
1.39867e+01,3.51004e+00,-1.63085e+01,2.00000e+00
-1.44957e+01,-6.19013e+00,-1.85616e+00,5.00000e+00
1.67569e+01,-2.72904e+00,-3.34488e+00,8.00000e+00
-4.55701e-01,5.06259e+00,2.47768e+01,9.00000e+00
2.10819e+01,-4.65917e+00,-1.17253e-01,1.00000e+00
-2.64698e+00,1.75258e+01,2.24752e+01,7.00000e+00
-4.33957e+00,1.79720e+00,2.48646e+01,9.00000e+00
1.34086e+01,4.27009e+00,2.17397e+01,4.00000e+00
4.44144e-01,-9.40197e+00,-1.29678e+01,0.00000e+00
-1.15205e+01,4.55791e+00,-8.71000e+00,3.00000e+00
4.94844e+00,-4.52563e+00,1.94449e+00,0.00000e+00
9.88592e-01,-6.41751e+00,-2.46707e+01,6.00000e+00
-1.88752e+01,-9.44870e-03,-2.75106e-02,3.00000e+00
-1.67223e+01,-2.87620e+00,-8.33186e+00,3.00000e+00
1.46794e+01,3.03449e+00,-1.73503e+01,2.00000e+00
1.85351e+00,2.08984e+01,2.33721e+01,7.00000e+00
1.48442e+01,8.43529e+00,-1.80807e+01,2.00000e+00
-2.72744e+00,-3.23373e+00,-1.94272e+01,6.00000e+00
-2.00606e+01,-1.51513e+00,-1.70075e+00,3.00000e+00
-1.32075e+01,2.21931e+00,-9.14973e+00,3.00000e+00
-7.96438e+00,8.22756e+00,2.57542e+00,8.00000e+00
-5.85001e+00,-2.36866e+00,1.69554e+00,5.00000e+00
5.31719e+00,-1.63578e+01,3.43930e+00,1.00000e+00
3.03817e+00,-1.95446e+00,2.42640e+01,4.00000e+00
-5.14482e+00,-7.30716e-01,2.44537e+01,9.00000e+00
-6.21241e+00,-2.32389e+01,-2.02087e+01,0.00000e+00
-2.39854e+00,-1.86189e+01,-1.79165e+01,0.00000e+00
-2.83122e+00,4.55457e+00,1.89186e+01,4.00000e+00
-1.54280e+01,-6.73885e-01,4.55666e-01,3.00000e+00
9.95662e+00,1.82125e+01,1.03732e+01,7.00000e+00
1.32875e+01,3.76157e+00,-1.92101e+01,2.00000e+00
1.21631e+00,9.67908e+00,-2.97399e+00,8.00000e+00
1.18210e+01,3.11796e+00,-8.46274e+00,2.00000e+00
-3.44680e+00,3.21721e+00,2.07807e+01,4.00000e+00
-6.39127e-01,5.97907e+00,2.93287e+01,9.00000e+00
-1.47758e+01,-7.01403e+00,-7.51365e-01,5.00000e+00
9.76223e-01,9.99486e+00,-4.43168e+00,8.00000e+00
-2.35307e+01,-2.33240e+00,2.32441e+00,3.00000e+00
-1.88848e+01,-7.93044e+00,-1.97664e+00,5.00000e+00
1.90194e+01,-4.88693e+00,-2.03836e+00,1.00000e+00
1.59298e+01,4.05339e+00,-1.71993e+01,2.00000e+00
-1.02431e+01,-9.54806e+00,-2.55523e+01,6.00000e+00
1.66587e+00,-4.05679e+00,-1.90642e+01,6.00000e+00
-3.23498e+00,-4.63501e+00,9.37103e-01,5.00000e+00
-6.24211e+00,2.23568e+00,2.29781e+01,4.00000e+00
1.10542e+01,-2.71938e-01,1.01850e+01,4.00000e+00
1.45530e+01,7.99671e+00,-1.79656e+01,2.00000e+00
-1.48038e+01,7.38278e-01,-9.14025e+00,3.00000e+00
7.96239e+00,5.35202e+00,1.52700e+01,4.00000e+00
-9.87572e+00,-1.79585e+01,-1.60396e+01,0.00000e+00
1.57880e+01,-1.16998e+01,4.67275e-02,1.00000e+00
-2.33879e+01,-2.42429e+00,2.10855e-01,3.00000e+00
-6.46868e+00,-3.13733e+00,-2.65443e+01,6.00000e+00
-4.61768e-02,6.42883e+00,2.73530e+01,9.00000e+00
9.92124e-01,-3.80840e+00,-2.19477e+01,6.00000e+00
-2.02684e+01,6.84349e+00,-2.43046e+00,3.00000e+00
-2.02815e+00,5.59886e+00,2.81268e+01,9.00000e+00
2.27693e+00,1.96047e+01,2.04812e+01,7.00000e+00
-7.97897e+00,-1.72547e+01,-1.59234e+01,0.00000e+00
1.62305e+01,5.77134e-01,-1.51027e+01,2.00000e+00
1.32796e+01,6.86705e+00,-1.34804e+01,2.00000e+00
1.21674e+01,5.49314e+00,1.77701e+01,4.00000e+00
-9.38119e+00,2.01040e+00,-8.34135e+00,5.00000e+00
4.41669e+00,1.24459e+01,1.21186e+01,5.00000e+00
2.26342e+00,-6.06004e+00,-7.34508e+00,0.00000e+00
-1.87701e+01,8.86559e+00,-5.53699e+00,3.00000e+00
-5.46884e+00,-3.31838e+00,-2.27264e+01,6.00000e+00
7.74254e+00,-1.51704e+01,2.83687e+00,1.00000e+00
-8.33889e-02,-2.44218e+00,-2.50951e+01,6.00000e+00
-3.50448e+00,3.18572e+00,1.77928e+01,4.00000e+00
-1.09953e+01,5.09264e+00,-1.49200e+01,2.00000e+00
-3.08786e+00,-3.80644e+00,-2.41155e+01,6.00000e+00
-1.22890e+01,2.32269e+00,-3.16565e+00,3.00000e+00
-1.66637e+01,-5.38556e+00,-3.75075e+00,3.00000e+00
-1.49614e+01,-5.95697e-01,-1.02891e+01,3.00000e+00
1.33158e+01,-2.13037e+00,-1.28774e+01,2.00000e+00
-1.96673e+01,7.13386e+00,2.86150e-01,8.00000e+00
9.73399e+00,3.17277e+00,2.44184e+01,4.00000e+00
-3.53768e+00,8.06964e+00,2.68290e+01,4.00000e+00
-1.37636e+01,6.69348e+00,-7.14031e+00,3.00000e+00
-5.38445e+00,-7.82280e+00,-2.52744e+01,6.00000e+00
-5.16048e+00,2.36807e+00,2.78573e+01,9.00000e+00
1.60272e+00,2.04784e+01,2.00071e+01,7.00000e+00
-5.35393e+00,-2.64933e+00,-1.77850e+01,6.00000e+00
-7.18609e+00,-4.54156e+00,4.25066e+00,5.00000e+00
1.05565e+01,-1.68195e+01,2.58369e+00,1.00000e+00
-2.27860e+00,-2.11207e+00,2.94824e+01,4.00000e+00
-2.01327e+01,-7.99743e+00,-5.62601e-01,5.00000e+00
-4.33138e+00,5.97818e+00,2.72637e+01,9.00000e+00
5.27983e-01,9.16584e+00,1.71643e+01,9.00000e+00
3.32838e+00,7.45021e+00,1.51937e+01,9.00000e+00
4.07640e+00,4.58843e-01,2.37617e+01,4.00000e+00
1.33941e+01,-1.22271e+00,-1.20206e+01,2.00000e+00
-5.43267e+00,-2.68473e+00,-1.74611e+01,6.00000e+00
4.50788e+00,-3.37736e+00,-2.27923e+00,5.00000e+00
2.00910e+01,-4.43040e+00,1.99244e-01,1.00000e+00
-2.26627e+01,-3.09952e-01,1.99253e+00,3.00000e+00
8.76478e+00,3.13890e+00,2.18013e+01,4.00000e+00
-5.37094e+00,-4.50131e+00,-2.42309e+01,6.00000e+00
7.16045e+00,-1.54095e+01,3.63904e+00,1.00000e+00
7.21789e+00,-1.47730e+01,3.47923e+00,1.00000e+00
1.35689e+01,-1.03019e+01,-8.86368e-01,1.00000e+00
-1.63396e+01,-2.84258e+00,-2.57297e+00,3.00000e+00
-1.98903e+01,6.25137e+00,-1.87010e-01,3.00000e+00
1.36324e+01,-5.99920e-01,-1.18807e+01,2.00000e+00
5.52363e+00,1.14910e+01,1.29873e+01,9.00000e+00
7.87232e+00,1.78920e+01,1.35904e+01,7.00000e+00
1.79517e+01,-5.55445e+00,-4.99036e+00,1.00000e+00
-1.52264e+01,-6.92596e+00,-8.21414e-01,5.00000e+00
1.44496e+01,5.72986e+00,1.58323e+01,4.00000e+00
2.46983e+00,1.95025e+01,1.89518e+01,7.00000e+00
-3.01309e-01,-3.69133e+00,-1.77737e+01,6.00000e+00
-1.64564e+01,-2.05046e-01,-4.87019e+00,3.00000e+00
-5.57937e+00,-3.79349e+00,-2.26999e+01,6.00000e+00
1.66086e+01,4.75426e+00,-1.45996e+01,2.00000e+00
-3.21535e+00,1.76339e+01,2.50571e+01,7.00000e+00
-2.55952e+00,-5.09176e+00,-2.98760e+01,6.00000e+00
8.31029e+00,-1.88397e+01,3.14649e+00,1.00000e+00
-8.74846e+00,-2.90356e+00,-2.46102e+01,6.00000e+00
-8.76535e+00,8.42406e+00,1.05827e+00,8.00000e+00
4.51548e+00,7.66970e+00,1.49247e+01,9.00000e+00
1.06016e+01,4.35297e+00,2.36129e+01,4.00000e+00
1.65402e+01,-9.85190e+00,-1.10838e-01,1.00000e+00
-5.22221e+00,-1.63725e+01,-1.54297e+01,0.00000e+00
1.72981e+01,-6.72664e+00,-1.29169e+00,1.00000e+00
4.70556e+00,1.63042e+01,1.60056e+01,7.00000e+00
2.39021e+00,9.67955e+00,-4.48628e+00,8.00000e+00
-4.61079e+00,-1.61221e+01,-1.53820e+01,0.00000e+00
-9.08698e+00,-3.53369e+00,-2.50840e+01,6.00000e+00
-6.66995e+00,-1.96958e+00,-3.76938e+00,5.00000e+00
4.68427e+00,-3.56967e+00,1.13733e+00,5.00000e+00
-1.88080e+01,-1.14658e+00,2.56694e+00,3.00000e+00
-2.63141e+00,7.69938e+00,-2.81694e+00,8.00000e+00
-2.33705e+00,2.03714e+01,2.37593e+01,7.00000e+00
-1.99404e+01,6.92881e+00,-3.94752e+00,3.00000e+00
-2.92179e+00,5.62296e+00,2.09172e+01,9.00000e+00
-3.54071e+00,1.73635e+01,2.06901e+01,8.00000e+00
-1.03811e+00,1.99854e+01,2.36542e+01,7.00000e+00
2.42015e+00,1.42821e+01,3.30143e+00,8.00000e+00
6.97579e+00,-2.99032e+00,2.69391e+00,2.00000e+00
1.02288e+01,5.66236e+00,2.07095e+01,4.00000e+00
-6.47128e+00,-1.73925e+01,-1.53518e+01,0.00000e+00
1.98223e+01,-5.98401e+00,7.34181e-01,1.00000e+00
1.72140e+01,4.39541e+00,-1.44268e+01,3.00000e+00
1.54970e+01,-3.81466e-01,-1.49823e+01,2.00000e+00
-5.45379e+00,7.92323e+00,-3.31690e+00,8.00000e+00
8.20614e-01,1.37282e+01,1.64942e+00,8.00000e+00
8.82848e+00,1.35727e+01,2.03888e+01,7.00000e+00
1.40792e+00,2.09133e+01,2.37281e+01,7.00000e+00
-1.10384e+01,-2.06645e+01,-2.07090e+01,0.00000e+00
-2.51950e+00,-4.61282e+00,9.23508e-01,5.00000e+00
-8.62352e+00,-2.97324e+00,2.80762e+00,5.00000e+00
-4.12734e-01,-1.85484e+00,-2.90887e+00,5.00000e+00
3.62482e-01,1.30691e+01,1.81291e+01,7.00000e+00
1.14103e+01,-5.65719e-01,9.77412e+00,7.00000e+00
-1.90149e+01,-4.36059e+00,-4.96611e+00,3.00000e+00
-5.38806e+00,-3.99734e+00,-2.23659e+01,6.00000e+00
4.78751e+00,6.80961e+00,2.32823e+01,9.00000e+00
-7.25120e+00,-2.40960e+01,-2.33566e+01,6.00000e+00
-7.56715e+00,-3.12485e+00,4.55851e-01,5.00000e+00
1.39204e+00,4.24155e+00,1.45881e+01,4.00000e+00
2.55816e-01,-1.47237e+01,-1.53487e+01,0.00000e+00
-2.92423e+00,1.15835e+01,-1.25767e-01,8.00000e+00
-4.81550e-01,-7.61448e+00,-1.04856e+01,0.00000e+00
5.90128e+00,-4.56288e+00,4.75220e+00,6.00000e+00
1.41708e+01,-1.00921e+01,1.43737e-03,1.00000e+00
1.01576e+01,-2.62906e+00,-1.47864e+01,2.00000e+00
-1.03781e+01,-4.39377e+00,-2.71142e+01,6.00000e+00
1.26681e+01,5.38868e+00,1.53467e+01,4.00000e+00
4.88589e+00,-3.30717e+00,-2.52333e+00,5.00000e+00
-2.02899e+00,1.65274e+01,2.15732e+01,7.00000e+00
1.45295e+01,1.36707e+00,-1.84550e+01,2.00000e+00
-5.49987e+00,-2.21965e+01,-1.93784e+01,0.00000e+00
-2.59841e+00,5.80682e+00,2.23526e+01,9.00000e+00
-8.93585e+00,-2.26586e+01,-1.77390e+01,0.00000e+00
-1.88100e+01,-6.05038e+00,-5.61800e-01,5.00000e+00
-1.41437e+01,5.88743e+00,-8.70980e+00,3.00000e+00
-6.16416e+00,-2.40822e+00,-1.83319e+01,6.00000e+00
-1.41050e+01,8.14220e+00,-2.65661e+00,3.00000e+00
1.22682e+01,7.20262e+00,-1.52004e+01,2.00000e+00
-9.96880e+00,-2.34809e+01,-1.90669e+01,0.00000e+00
-7.30561e+00,2.31865e+00,2.54510e+01,4.00000e+00
-1.89284e+01,-1.15203e+00,-1.63474e+00,3.00000e+00
9.93120e+00,3.02973e+00,2.48286e+01,4.00000e+00
-1.70965e+01,-7.10726e+00,-4.00536e+00,3.00000e+00
-9.09627e+00,-7.30260e+00,-2.39627e+01,6.00000e+00
1.81480e+01,-8.26287e+00,-1.39193e+00,1.00000e+00
4.89480e+00,7.31109e+00,1.47858e+01,9.00000e+00
-2.01702e+01,2.11952e+00,-1.81369e+00,3.00000e+00
-1.54233e+00,-8.98829e+00,-1.26149e+01,0.00000e+00
-4.28416e+00,-2.30958e+01,-2.46919e+01,6.00000e+00
-7.17637e+00,-5.85173e-01,2.27806e+00,5.00000e+00
1.24769e+01,-1.20915e+01,-6.32558e-02,1.00000e+00
1.57425e+01,6.55120e+00,-2.14304e+01,2.00000e+00
-9.06632e+00,2.00415e+00,-8.14331e+00,5.00000e+00
1.08044e+00,-5.52777e+00,-4.08228e+00,3.00000e+00
-1.71730e+00,1.11360e+01,-3.48780e+00,8.00000e+00
5.13388e+00,9.24662e+00,2.02480e+01,9.00000e+00
1.71719e+01,-6.07921e+00,1.01550e+00,4.00000e+00
1.63255e+01,-8.72506e+00,-9.67494e-02,1.00000e+00
2.94591e+00,-6.01661e+00,-1.63148e+01,6.00000e+00
1.08630e+01,-1.90652e+01,2.33149e+00,1.00000e+00
-1.69773e+01,-3.32172e+00,-7.34761e+00,3.00000e+00
7.83430e+00,-1.22810e+01,6.53981e-01,8.00000e+00
-1.70918e+00,9.04158e+00,-5.19644e+00,8.00000e+00
-2.41321e+00,3.46952e+00,2.48945e+01,9.00000e+00
6.10416e+00,-1.96255e+01,3.72690e+00,1.00000e+00
9.10076e+00,1.36204e+01,2.06303e+01,7.00000e+00
-1.48920e+00,1.96891e+01,2.37877e+01,7.00000e+00
4.71708e-01,-1.63600e+00,-2.97149e+00,5.00000e+00
-1.37369e+01,5.75781e+00,-7.08523e+00,3.00000e+00
1.95515e+01,-4.65886e+00,7.50651e-01,1.00000e+00
1.24753e+01,-7.74542e+00,-1.35671e+01,2.00000e+00
1.72973e+01,-5.16909e+00,-6.99323e+00,2.00000e+00
-1.38847e+01,2.47073e+00,-9.75852e+00,3.00000e+00
-6.51545e+00,2.86035e+00,2.81079e+01,9.00000e+00
1.34076e+01,1.05521e+01,-1.61690e+01,2.00000e+00
1.46374e+01,-1.28000e+01,1.05143e+00,1.00000e+00
1.31296e+00,-4.22455e+00,-2.19298e+01,6.00000e+00
7.50926e+00,1.36495e+01,1.31228e+01,7.00000e+00
1.16275e+01,-1.40422e+01,1.47428e+00,1.00000e+00
-1.42770e-01,-2.02637e+00,-2.39520e+01,6.00000e+00
1.00275e+01,-1.75303e+01,2.88555e+00,1.00000e+00
2.25751e+00,1.20028e+01,4.91369e-01,8.00000e+00
9.23232e+00,-1.82526e+01,2.51608e+00,1.00000e+00
-4.05357e+00,-2.83777e+00,-1.87484e+01,6.00000e+00
9.48058e+00,6.76046e+00,1.39998e+01,4.00000e+00
-1.08327e+01,-1.68019e+01,-1.74643e+01,0.00000e+00
-8.86118e+00,-3.31264e+00,-1.85143e-01,5.00000e+00
-1.19662e+01,7.62524e+00,-2.44389e+00,8.00000e+00
-1.33786e+01,1.36757e+00,-9.85565e+00,3.00000e+00
-1.77770e+01,-6.31200e+00,-1.01943e+00,5.00000e+00
2.81387e+00,1.81469e+01,2.08074e+01,7.00000e+00
-2.24535e+01,2.84110e+00,1.92447e+00,8.00000e+00
-3.33492e+00,8.19647e-01,1.50065e+00,5.00000e+00
2.28235e+00,1.39813e+01,1.74338e-01,8.00000e+00
-6.14796e+00,-2.73655e+00,2.87191e+01,4.00000e+00
-1.28418e+01,1.84717e+00,-3.30662e+00,3.00000e+00
1.02395e+01,-1.81378e+01,3.71524e+00,1.00000e+00
1.99483e+01,-4.36403e+00,-1.27724e+00,1.00000e+00
-3.94813e+00,-5.09220e-01,-2.96438e+00,5.00000e+00
-2.88135e+00,-7.22511e-01,-2.64007e+00,5.00000e+00
-4.00670e+00,-4.37171e+00,-2.35113e+01,6.00000e+00
-3.01447e+00,1.12908e+01,-4.69319e+00,8.00000e+00
1.70559e+01,-1.07758e+01,-9.63840e-01,1.00000e+00
1.07755e+01,4.89916e+00,2.05247e+01,4.00000e+00
-1.67372e+01,-4.55044e+00,3.07858e-02,5.00000e+00
-2.74899e+00,-2.74852e+00,-2.09439e+01,6.00000e+00
1.29986e+01,-6.25715e+00,-1.42280e+01,2.00000e+00
-2.02931e+01,-7.86657e+00,-4.27972e-01,5.00000e+00
-5.73257e+00,-5.06781e+00,2.92548e+00,5.00000e+00
-5.50659e+00,2.63045e+00,2.36754e+01,4.00000e+00
1.12103e+01,3.51631e+00,1.20906e+01,4.00000e+00
-3.66191e+00,-2.46531e+01,-2.33184e+01,0.00000e+00
1.65199e+01,8.54993e+00,-1.97865e+01,2.00000e+00
5.76436e+00,8.28863e+00,1.42355e+01,9.00000e+00
-1.65664e+01,-5.98509e+00,-6.28603e-01,5.00000e+00
-4.28151e-01,-5.79607e-01,-2.69036e+01,8.00000e+00
-4.19126e+00,1.18649e-01,2.70160e+01,9.00000e+00
-4.46599e-01,1.54631e+01,1.87028e+01,7.00000e+00
-4.77062e+00,-2.64972e+00,-1.97105e+01,6.00000e+00
1.23342e+00,-4.57927e+00,-2.41730e+01,6.00000e+00
-1.39123e+01,-7.84354e+00,-3.51846e+00,5.00000e+00
-2.20851e+00,1.66875e+01,2.42115e+01,7.00000e+00
5.53684e+00,1.00629e+01,1.34791e+01,4.00000e+00
-2.38553e+00,-5.27238e+00,-2.83479e+01,6.00000e+00
1.28212e+01,-1.30890e+01,-1.84620e+00,4.00000e+00
5.76461e+00,1.73272e+01,1.64145e+01,7.00000e+00
1.19986e+01,1.04498e+01,1.27350e+01,7.00000e+00
3.19954e-01,-2.97172e+00,-2.18341e+01,6.00000e+00
1.02329e+01,5.91822e+00,2.06849e+01,4.00000e+00
-4.35642e+00,-5.15084e+00,-2.47844e+01,6.00000e+00
-6.45103e+00,-2.59107e+00,4.02372e-01,5.00000e+00
-1.54418e+01,-1.42816e+00,6.95731e-01,3.00000e+00
